{
    "신상품":[
        {"제품코드":"PRODUCT_A00001","보관방법":"냉장", "이미지":"0a54f6a4-4f5a-4202-8f6d-045d2a1709de.jpg", "배송구분":"샛별배송", "제조사":"양포어장", "제품명":"독도 활 꽃새우 (4/15 수령)", "제품특성":"곶감과 크림치즈의 산뜻한 합작","정가":113000,"할인율":0, "판매처":"Kurly Only", "추천": "추천"},
        {"제품코드":"PRODUCT_A00002","보관방법":"냉동", "이미지":"0ac29455-0c2f-466f-9881-b9ed8a7a398f.jpg", "배송구분":"샛별배송", "제조사":"양포어장", "제품명":"독도 활 닭새우 (4/15 수령)", "제품특성":"우동 2인분 2종 (택1)","정가":33000,"할인율":0.12, "판매처":"", "추천": ""},
        {"제품코드":"PRODUCT_A00003","보관방법":"냉장", "이미지":"0d82637a-330e-4446-99af-86246a5dd881.jpg", "배송구분":"샛별배송", "제조사":"올가담", "제품명":"크림치즈 곶감 말이 (10구)", "제품특성":"곶감과 이즈니버터, 팥앙금의 색다른 만남","정가":33300,"할인율":0.19, "판매처":"Kurly Only", "추천": "추천"},
        {"제품코드":"PRODUCT_A00004","보관방법":"냉동", "이미지":"0ec2bb5a-d89c-4f50-8172-fe404079e306.jpg", "배송구분":"샛별배송", "제조사":"라브아", "제품명":"앙버터 곶감 말이 (10구)", "제품특성":"바질의 싱그러움이 함께 담긴 설거지 비누","정가":31000,"할인율":0, "판매처":"", "추천": "추천"},
        {"제품코드":"PRODUCT_A00005","보관방법":"냉동", "이미지":"0f6c2be5-0e27-4e86-95c5-b3212a9d9ab8.jpg", "배송구분":"샛별배송", "제조사":"올가담", "제품명":"크림치즈 곶감 말이 (10구)", "제품특성":"추억의 맛 그대로 완성","정가":13000,"할인율":0.251, "판매처":"Kurly Only", "추천": ""},
        {"제품코드":"PRODUCT_A00006","보관방법":"냉장", "이미지":"0f8ccd6b-431d-472a-b608-ae6556a2bc12.jpg", "배송구분":"샛별배송", "제조사":"올가담", "제품명":"크림치즈 곶감 말이 (10구)", "제품특성":"추억의 맛 그대로 완성","정가":33130,"할인율":0.71, "판매처":"Kurly Only", "추천": ""},
        {"제품코드":"PRODUCT_A00007","보관방법":"냉장", "이미지":"0d82637a-330e-4446-99af-86246a5dd881.jpg", "배송구분":"샛별배송", "제조사":"양포어장", "제품명":"독도 활 꽃새우 (4/15 수령)", "제품특성":"곶감과 크림치즈의 산뜻한 합작","정가":73000,"할인율":0, "판매처":"Kurly Only", "추천": "추천"},
        {"제품코드":"PRODUCT_A00008","보관방법":"냉동", "이미지":"0ec2bb5a-d89c-4f50-8172-fe404079e306.jpg", "배송구분":"샛별배송", "제조사":"양포어장", "제품명":"독도 활 닭새우 (4/15 수령)", "제품특성":"우동 2인분 2종 (택1)","정가":27000,"할인율":0.12, "판매처":"", "추천": "추천"},
        {"제품코드":"PRODUCT_A00009","보관방법":"냉장", "이미지":"0f6c2be5-0e27-4e86-95c5-b3212a9d9ab8.jpg", "배송구분":"샛별배송", "제조사":"올가담", "제품명":"크림치즈 곶감 말이 (10구)", "제품특성":"곶감과 이즈니버터, 팥앙금의 색다른 만남","정가":21000,"할인율":0.39, "판매처":"Kurly Only", "추천": "추천"},
        {"제품코드":"PRODUCT_A00010","보관방법":"냉동", "이미지":"0f8ccd6b-431d-472a-b608-ae6556a2bc12.jpg", "배송구분":"샛별배송", "제조사":"라브아", "제품명":"앙버터 곶감 말이 (10구)", "제품특성":"바질의 싱그러움이 함께 담긴 설거지 비누","정가":31000,"할인율":0, "판매처":"", "추천": "추천"},
        {"제품코드":"PRODUCT_A00011","보관방법":"냉동", "이미지":"0a54f6a4-4f5a-4202-8f6d-045d2a1709de.jpg", "배송구분":"샛별배송", "제조사":"올가담", "제품명":"크림치즈 곶감 말이 (10구)", "제품특성":"추억의 맛 그대로 완성","정가":73000,"할인율":0.211, "판매처":"Kurly Only", "추천": ""},
        {"제품코드":"PRODUCT_A00012","보관방법":"냉장", "이미지":"0ac29455-0c2f-466f-9881-b9ed8a7a398f.jpg", "배송구분":"샛별배송", "제조사":"올가담", "제품명":"크림치즈 곶감 말이 (10구)", "제품특성":"추억의 맛 그대로 완성","정가":63000,"할인율":0, "판매처":"Kurly Only", "추천": "추천"},
        {"제품코드":"PRODUCT_A00013","보관방법":"냉장", "이미지":"0d82637a-330e-4446-99af-86246a5dd881.jpg", "배송구분":"샛별배송", "제조사":"양포어장", "제품명":"독도 활 꽃새우 (4/15 수령)", "제품특성":"곶감과 크림치즈의 산뜻한 합작","정가":73000,"할인율":0, "판매처":"Kurly Only", "추천": "추천"},
        {"제품코드":"PRODUCT_A00014","보관방법":"냉동", "이미지":"0ec2bb5a-d89c-4f50-8172-fe404079e306.jpg", "배송구분":"샛별배송", "제조사":"양포어장", "제품명":"독도 활 닭새우 (4/15 수령)", "제품특성":"우동 2인분 2종 (택1)","정가":57000,"할인율":0.12, "판매처":"", "추천": "추천"},
        {"제품코드":"PRODUCT_A00015","보관방법":"냉장", "이미지":"0f6c2be5-0e27-4e86-95c5-b3212a9d9ab8.jpg", "배송구분":"샛별배송", "제조사":"올가담", "제품명":"크림치즈 곶감 말이 (10구)", "제품특성":"곶감과 이즈니버터, 팥앙금의 색다른 만남","정가":31000,"할인율":0.19, "판매처":"Kurly Only", "추천": "추천"},
        {"제품코드":"PRODUCT_A00016","보관방법":"냉동", "이미지":"0f8ccd6b-431d-472a-b608-ae6556a2bc12.jpg", "배송구분":"샛별배송", "제조사":"라브아", "제품명":"앙버터 곶감 말이 (10구)", "제품특성":"바질의 싱그러움이 함께 담긴 설거지 비누","정가":41000,"할인율":0, "판매처":"", "추천": "추천"},
        {"제품코드":"PRODUCT_A00017","보관방법":"냉동", "이미지":"1d88ad9d-5aea-4d22-bdd9-9ab660750049.jpg", "배송구분":"샛별배송", "제조사":"올가담", "제품명":"크림치즈 곶감 말이 (10구)", "제품특성":"추억의 맛 그대로 완성","정가":13000,"할인율":0.211, "판매처":"Kurly Only", "추천": "추천"},
        {"제품코드":"PRODUCT_A00018","보관방법":"냉장", "이미지":"0f8ccd6b-431d-472a-b608-ae6556a2bc12.jpg", "배송구분":"샛별배송", "제조사":"올가담", "제품명":"크림치즈 곶감 말이 (10구)", "제품특성":"추억의 맛 그대로 완성","정가":33000,"할인율":0, "판매처":"Kurly Only", "추천": "추천"},
        {"제품코드":"PRODUCT_A00019","보관방법":"냉장", "이미지":"0a54f6a4-4f5a-4202-8f6d-045d2a1709de.jpg", "배송구분":"샛별배송", "제조사":"양포어장", "제품명":"독도 활 꽃새우 (4/15 수령)", "제품특성":"곶감과 크림치즈의 산뜻한 합작","정가":73000,"할인율":0, "판매처":"Kurly Only", "추천": "추천"},
        {"제품코드":"PRODUCT_A00020","보관방법":"냉동", "이미지":"0ac29455-0c2f-466f-9881-b9ed8a7a398f.jpg", "배송구분":"샛별배송", "제조사":"양포어장", "제품명":"독도 활 닭새우 (4/15 수령)", "제품특성":"우동 2인분 2종 (택1)","정가":17000,"할인율":0.12, "판매처":"", "추천": "추천"},
        {"제품코드":"PRODUCT_A00021","보관방법":"냉장", "이미지":"0d82637a-330e-4446-99af-86246a5dd881.jpg", "배송구분":"샛별배송", "제조사":"올가담", "제품명":"크림치즈 곶감 말이 (10구)", "제품특성":"곶감과 이즈니버터, 팥앙금의 색다른 만남","정가":21000,"할인율":0.49, "판매처":"Kurly Only", "추천": "추천"},
        {"제품코드":"PRODUCT_A00022","보관방법":"냉동", "이미지":"0ec2bb5a-d89c-4f50-8172-fe404079e306.jpg", "배송구분":"샛별배송", "제조사":"라브아", "제품명":"앙버터 곶감 말이 (10구)", "제품특성":"바질의 싱그러움이 함께 담긴 설거지 비누","정가":31000,"할인율":0, "판매처":"", "추천": "추천"},
        {"제품코드":"PRODUCT_A00023","보관방법":"냉동", "이미지":"0f6c2be5-0e27-4e86-95c5-b3212a9d9ab8.jpg", "배송구분":"샛별배송", "제조사":"올가담", "제품명":"크림치즈 곶감 말이 (10구)", "제품특성":"추억의 맛 그대로 완성","정가":13000,"할인율":0.211, "판매처":"", "추천": ""},
        {"제품코드":"PRODUCT_A00024","보관방법":"냉장", "이미지":"0f8ccd6b-431d-472a-b608-ae6556a2bc12.jpg", "배송구분":"샛별배송", "제조사":"올가담", "제품명":"크림치즈 곶감 말이 (10구)", "제품특성":"추억의 맛 그대로 완성","정가":43000,"할인율":0, "판매처":"Kurly Only", "추천": "추천"},
        {"제품코드":"PRODUCT_A00025","보관방법":"냉장", "이미지":"1d88ad9d-5aea-4d22-bdd9-9ab660750049.jpg", "배송구분":"샛별배송", "제조사":"올가담", "제품명":"크림치즈 곶감 말이 (10구)", "제품특성":"추억의 맛 그대로 완성","정가":33000,"할인율":0.222, "판매처":"Kurly Only", "추천": "추천"},
        {"제품코드":"PRODUCT_A00026","보관방법":"냉장", "이미지":"0a54f6a4-4f5a-4202-8f6d-045d2a1709de.jpg", "배송구분":"샛별배송", "제조사":"양포어장", "제품명":"독도 활 꽃새우 (4/15 수령)", "제품특성":"곶감과 크림치즈의 산뜻한 합작","정가":73000,"할인율":0, "판매처":"Kurly Only", "추천": "추천"},
        {"제품코드":"PRODUCT_A00027","보관방법":"냉동", "이미지":"0ac29455-0c2f-466f-9881-b9ed8a7a398f.jpg", "배송구분":"샛별배송", "제조사":"양포어장", "제품명":"독도 활 닭새우 (4/15 수령)", "제품특성":"우동 2인분 2종 (택1)","정가":17000,"할인율":0.32, "판매처":"", "추천": "추천"},
        {"제품코드":"PRODUCT_A00028","보관방법":"냉장", "이미지":"0d82637a-330e-4446-99af-86246a5dd881.jpg", "배송구분":"샛별배송", "제조사":"올가담", "제품명":"크림치즈 곶감 말이 (10구)", "제품특성":"곶감과 이즈니버터, 팥앙금의 색다른 만남","정가":61000,"할인율":0.29, "판매처":"Kurly Only", "추천": ""},
        {"제품코드":"PRODUCT_A00029","보관방법":"냉동", "이미지":"0ec2bb5a-d89c-4f50-8172-fe404079e306.jpg", "배송구분":"샛별배송", "제조사":"라브아", "제품명":"앙버터 곶감 말이 (10구)", "제품특성":"바질의 싱그러움이 함께 담긴 설거지 비누","정가":51000,"할인율":0, "판매처":"", "추천": ""},
        {"제품코드":"PRODUCT_A00030","보관방법":"냉동", "이미지":"0f6c2be5-0e27-4e86-95c5-b3212a9d9ab8.jpg", "배송구분":"샛별배송", "제조사":"올가담", "제품명":"크림치즈 곶감 말이 (10구)", "제품특성":"추억의 맛 그대로 완성","정가":13000,"할인율":0.211, "판매처":"Kurly Only", "추천": "추천"},
        {"제품코드":"PRODUCT_A00031","보관방법":"냉장", "이미지":"0f8ccd6b-431d-472a-b608-ae6556a2bc12.jpg", "배송구분":"샛별배송", "제조사":"올가담", "제품명":"크림치즈 곶감 말이 (10구)", "제품특성":"추억의 맛 그대로 완성","정가":43000,"할인율":0, "판매처":"Kurly Only", "추천": "추천"},
        {"제품코드":"PRODUCT_A00032","보관방법":"냉장", "이미지":"0a54f6a4-4f5a-4202-8f6d-045d2a1709de.jpg", "배송구분":"샛별배송", "제조사":"양포어장", "제품명":"독도 활 꽃새우 (4/15 수령)", "제품특성":"곶감과 크림치즈의 산뜻한 합작","정가":73000,"할인율":0.419, "판매처":"", "추천": "추천"},
        {"제품코드":"PRODUCT_A00033","보관방법":"냉동", "이미지":"0ac29455-0c2f-466f-9881-b9ed8a7a398f.jpg", "배송구분":"샛별배송", "제조사":"양포어장", "제품명":"독도 활 닭새우 (4/15 수령)", "제품특성":"우동 2인분 2종 (택1)","정가":17000,"할인율":0.12, "판매처":"", "추천": "추천"},
        {"제품코드":"PRODUCT_A00034","보관방법":"냉장", "이미지":"0d82637a-330e-4446-99af-86246a5dd881.jpg", "배송구분":"샛별배송", "제조사":"올가담", "제품명":"크림치즈 곶감 말이 (10구)", "제품특성":"곶감과 이즈니버터, 팥앙금의 색다른 만남","정가":21000,"할인율":0.119, "판매처":"Kurly Only", "추천": ""},
        {"제품코드":"PRODUCT_A00035","보관방법":"냉동", "이미지":"0ec2bb5a-d89c-4f50-8172-fe404079e306.jpg", "배송구분":"샛별배송", "제조사":"라브아", "제품명":"앙버터 곶감 말이 (10구)", "제품특성":"바질의 싱그러움이 함께 담긴 설거지 비누","정가":32200,"할인율":0, "판매처":"", "추천": ""},
        {"제품코드":"PRODUCT_A00036","보관방법":"냉동", "이미지":"0f6c2be5-0e27-4e86-95c5-b3212a9d9ab8.jpg", "배송구분":"샛별배송", "제조사":"올가담", "제품명":"크림치즈 곶감 말이 (10구)", "제품특성":"추억의 맛 그대로 완성","정가":13000,"할인율":0.211, "판매처":"Kurly Only", "추천": ""},
        {"제품코드":"PRODUCT_A00037","보관방법":"냉장", "이미지":"0f8ccd6b-431d-472a-b608-ae6556a2bc12.jpg", "배송구분":"샛별배송", "제조사":"올가담", "제품명":"크림치즈 곶감 말이 (10구)", "제품특성":"추억의 맛 그대로 완성","정가":35550,"할인율":0, "판매처":"Kurly Only", "추천": ""},
        {"제품코드":"PRODUCT_A00038","보관방법":"냉장", "이미지":"0a54f6a4-4f5a-4202-8f6d-045d2a1709de.jpg", "배송구분":"샛별배송", "제조사":"양포어장", "제품명":"독도 활 꽃새우 (4/15 수령)", "제품특성":"곶감과 크림치즈의 산뜻한 합작","정가":43000,"할인율":0, "판매처":"Kurly Only", "추천": "추천"},
        {"제품코드":"PRODUCT_A00039","보관방법":"냉동", "이미지":"0ac29455-0c2f-466f-9881-b9ed8a7a398f.jpg", "배송구분":"샛별배송", "제조사":"양포어장", "제품명":"독도 활 닭새우 (4/15 수령)", "제품특성":"우동 2인분 2종 (택1)","정가":37000,"할인율":0.12, "판매처":"", "추천": "추천"},
        {"제품코드":"PRODUCT_A00040","보관방법":"냉장", "이미지":"0d82637a-330e-4446-99af-86246a5dd881.jpg", "배송구분":"샛별배송", "제조사":"올가담", "제품명":"크림치즈 곶감 말이 (10구)", "제품특성":"곶감과 이즈니버터, 팥앙금의 색다른 만남","정가":21000,"할인율":0.19, "판매처":"Kurly Only", "추천": ""},
        {"제품코드":"PRODUCT_A00041","보관방법":"냉동", "이미지":"0a54f6a4-4f5a-4202-8f6d-045d2a1709de.jpg", "배송구분":"샛별배송", "제조사":"라브아", "제품명":"앙버터 곶감 말이 (10구)", "제품특성":"바질의 싱그러움이 함께 담긴 설거지 비누","정가":31000,"할인율":0, "판매처":"", "추천": ""},
        {"제품코드":"PRODUCT_A00042","보관방법":"냉동", "이미지":"0ac29455-0c2f-466f-9881-b9ed8a7a398f.jpg", "배송구분":"샛별배송", "제조사":"올가담", "제품명":"크림치즈 곶감 말이 (10구)", "제품특성":"추억의 맛 그대로 완성","정가":13789,"할인율":0.31, "판매처":"Kurly Only", "추천": "추천"},
        {"제품코드":"PRODUCT_A00043","보관방법":"냉장", "이미지":"0d82637a-330e-4446-99af-86246a5dd881.jpg", "배송구분":"샛별배송", "제조사":"올가담", "제품명":"크림치즈 곶감 말이 (10구)", "제품특성":"추억의 맛 그대로 완성","정가":33022,"할인율":0.5, "판매처":"Kurly Only", "추천": "추천"},
        {"제품코드":"PRODUCT_A00044","보관방법":"냉장", "이미지":"0ec2bb5a-d89c-4f50-8172-fe404079e306.jpg", "배송구분":"샛별배송", "제조사":"양포어장", "제품명":"독도 활 꽃새우 (4/15 수령)", "제품특성":"곶감과 크림치즈의 산뜻한 합작","정가":743200,"할인율":0, "판매처":"Kurly Only", "추천": "추천"},
        {"제품코드":"PRODUCT_A00045","보관방법":"냉동", "이미지":"0f6c2be5-0e27-4e86-95c5-b3212a9d9ab8.jpg", "배송구분":"샛별배송", "제조사":"양포어장", "제품명":"독도 활 닭새우 (4/15 수령)", "제품특성":"우동 2인분 2종 (택1)","정가":17000,"할인율":0.32, "판매처":"", "추천": ""},
        {"제품코드":"PRODUCT_A00046","보관방법":"냉장", "이미지":"0f8ccd6b-431d-472a-b608-ae6556a2bc12.jpg", "배송구분":"샛별배송", "제조사":"올가담", "제품명":"크림치즈 곶감 말이 (10구)", "제품특성":"곶감과 이즈니버터, 팥앙금의 색다른 만남","정가":29800,"할인율":0.49, "판매처":"Kurly Only", "추천": "추천"},
        {"제품코드":"PRODUCT_A00047","보관방법":"냉동", "이미지":"0d82637a-330e-4446-99af-86246a5dd881.jpg", "배송구분":"샛별배송", "제조사":"라브아", "제품명":"앙버터 곶감 말이 (10구)", "제품특성":"바질의 싱그러움이 함께 담긴 설거지 비누","정가":31450,"할인율":0, "판매처":"", "추천": ""},
        {"제품코드":"PRODUCT_A00048","보관방법":"냉동", "이미지":"0ec2bb5a-d89c-4f50-8172-fe404079e306.jpg", "배송구분":"샛별배송", "제조사":"올가담", "제품명":"크림치즈 곶감 말이 (10구)", "제품특성":"추억의 맛 그대로 완성","정가":23500,"할인율":0.251, "판매처":"", "추천": "추천"},
        {"제품코드":"PRODUCT_A00049","보관방법":"냉장", "이미지":"0f6c2be5-0e27-4e86-95c5-b3212a9d9ab8.jpg", "배송구분":"샛별배송", "제조사":"올가담", "제품명":"크림치즈 곶감 말이 (10구)", "제품특성":"추억의 맛 그대로 완성","정가":33600,"할인율":0.45, "판매처":"Kurly Only", "추천": ""},
        {"제품코드":"PRODUCT_A00050","보관방법":"냉장", "이미지":"0f8ccd6b-431d-472a-b608-ae6556a2bc12.jpg", "배송구분":"샛별배송", "제조사":"올가담", "제품명":"크림치즈 곶감 말이 (10구)", "제품특성":"추억의 맛 그대로 완성","정가":53800,"할인율":0.132, "판매처":"", "추천": ""}
    ],
    "베스트":[
        {"제품코드":"PRODUCT_B00001","보관방법":"상온","이미지":"0a54f6a4-4f5a-4202-8f6d-045d2a1709de.jpg", "배송구분":"샛별배송", "제조사":"양포어장", "제품명":"독도 활 꽃새우 (4/15 수령)", "제품특성":"곶감과 크림치즈의 산뜻한 합작","정가":73000,"할인율":0, "판매처":""},
        {"제품코드":"PRODUCT_B00002","보관방법":"냉장","이미지":"0ac29455-0c2f-466f-9881-b9ed8a7a398f.jpg", "배송구분":"샛별배송", "제조사":"양포어장", "제품명":"독도 활 닭새우 (4/15 수령)", "제품특성":"우동 2인분 2종 (택1)","정가":17000,"할인율":0.12, "판매처":""},
        {"제품코드":"PRODUCT_B00003","보관방법":"냉장","이미지":"0d82637a-330e-4446-99af-86246a5dd881.jpg", "배송구분":"샛별배송", "제조사":"올가담", "제품명":"크림치즈 곶감 말이 (10구)", "제품특성":"곶감과 이즈니버터, 팥앙금의 색다른 만남","정가":21000,"할인율":0.19, "판매처":"Kurly Only"},
        {"제품코드":"PRODUCT_B00004","보관방법":"상온","이미지":"0ec2bb5a-d89c-4f50-8172-fe404079e306.jpg", "배송구분":"샛별배송", "제조사":"라브아", "제품명":"앙버터 곶감 말이 (10구)", "제품특성":"바질의 싱그러움이 함께 담긴 설거지 비누","정가":31000,"할인율":0, "판매처":""},
        {"제품코드":"PRODUCT_B00005","보관방법":"상온","이미지":"0f6c2be5-0e27-4e86-95c5-b3212a9d9ab8.jpg", "배송구분":"샛별배송", "제조사":"올가담", "제품명":"크림치즈 곶감 말이 (10구)", "제품특성":"추억의 맛 그대로 완성","정가":13000,"할인율":0.211, "판매처":""},
        {"제품코드":"PRODUCT_B00006","보관방법":"냉장","이미지":"0f8ccd6b-431d-472a-b608-ae6556a2bc12.jpg", "배송구분":"샛별배송", "제조사":"올가담", "제품명":"크림치즈 곶감 말이 (10구)", "제품특성":"추억의 맛 그대로 완성","정가":33000,"할인율":0, "판매처":""},
        {"제품코드":"PRODUCT_B00007","보관방법":"냉장","이미지":"1d88ad9d-5aea-4d22-bdd9-9ab660750049.jpg", "배송구분":"샛별배송", "제조사":"올가담", "제품명":"크림치즈 곶감 말이 (10구)", "제품특성":"추억의 맛 그대로 완성","정가":53000,"할인율":0.12, "판매처":"Kurly Only"},
        {"제품코드":"PRODUCT_B00008","보관방법":"상온","이미지":"0a54f6a4-4f5a-4202-8f6d-045d2a1709de.jpg", "배송구분":"샛별배송", "제조사":"양포어장", "제품명":"독도 활 꽃새우 (4/15 수령)", "제품특성":"곶감과 크림치즈의 산뜻한 합작","정가":73000,"할인율":0, "판매처":"Kurly Only"},
        {"제품코드":"PRODUCT_B00009","보관방법":"냉장","이미지":"0ac29455-0c2f-466f-9881-b9ed8a7a398f.jpg", "배송구분":"샛별배송", "제조사":"양포어장", "제품명":"독도 활 닭새우 (4/15 수령)", "제품특성":"우동 2인분 2종 (택1)","정가":17000,"할인율":0.12, "판매처":""},
        {"제품코드":"PRODUCT_B00010","보관방법":"냉장","이미지":"0d82637a-330e-4446-99af-86246a5dd881.jpg", "배송구분":"샛별배송", "제조사":"올가담", "제품명":"크림치즈 곶감 말이 (10구)", "제품특성":"곶감과 이즈니버터, 팥앙금의 색다른 만남","정가":21000,"할인율":0.19, "판매처":"Kurly Only"},
        {"제품코드":"PRODUCT_B00011","보관방법":"상온","이미지":"0ec2bb5a-d89c-4f50-8172-fe404079e306.jpg", "배송구분":"샛별배송", "제조사":"라브아", "제품명":"앙버터 곶감 말이 (10구)", "제품특성":"바질의 싱그러움이 함께 담긴 설거지 비누","정가":31000,"할인율":0, "판매처":""},
        {"제품코드":"PRODUCT_B00012","보관방법":"상온","이미지":"0f6c2be5-0e27-4e86-95c5-b3212a9d9ab8.jpg", "배송구분":"샛별배송", "제조사":"올가담", "제품명":"크림치즈 곶감 말이 (10구)", "제품특성":"추억의 맛 그대로 완성","정가":13000,"할인율":0.211, "판매처":"Kurly Only"},
        {"제품코드":"PRODUCT_B00013","보관방법":"냉장","이미지":"0f8ccd6b-431d-472a-b608-ae6556a2bc12.jpg", "배송구분":"샛별배송", "제조사":"올가담", "제품명":"크림치즈 곶감 말이 (10구)", "제품특성":"추억의 맛 그대로 완성","정가":33000,"할인율":0, "판매처":"Kurly Only"},
        {"제품코드":"PRODUCT_B00014","보관방법":"냉장","이미지":"1d88ad9d-5aea-4d22-bdd9-9ab660750049.jpg", "배송구분":"샛별배송", "제조사":"올가담", "제품명":"크림치즈 곶감 말이 (10구)", "제품특성":"추억의 맛 그대로 완성","정가":53000,"할인율":0.12, "판매처":"Kurly Only"},
        {"제품코드":"PRODUCT_B00015","보관방법":"상온","이미지":"0a54f6a4-4f5a-4202-8f6d-045d2a1709de.jpg", "배송구분":"샛별배송", "제조사":"양포어장", "제품명":"독도 활 꽃새우 (4/15 수령)", "제품특성":"곶감과 크림치즈의 산뜻한 합작","정가":73000,"할인율":0, "판매처":"Kurly Only"},
        {"제품코드":"PRODUCT_B00016","보관방법":"냉장","이미지":"0ac29455-0c2f-466f-9881-b9ed8a7a398f.jpg", "배송구분":"샛별배송", "제조사":"양포어장", "제품명":"독도 활 닭새우 (4/15 수령)", "제품특성":"우동 2인분 2종 (택1)","정가":17000,"할인율":0.12, "판매처":""},
        {"제품코드":"PRODUCT_B00017","보관방법":"냉장","이미지":"0d82637a-330e-4446-99af-86246a5dd881.jpg", "배송구분":"샛별배송", "제조사":"올가담", "제품명":"크림치즈 곶감 말이 (10구)", "제품특성":"곶감과 이즈니버터, 팥앙금의 색다른 만남","정가":21000,"할인율":0.19, "판매처":"Kurly Only"},
        {"제품코드":"PRODUCT_B00018","보관방법":"상온","이미지":"0ec2bb5a-d89c-4f50-8172-fe404079e306.jpg", "배송구분":"샛별배송", "제조사":"라브아", "제품명":"앙버터 곶감 말이 (10구)", "제품특성":"바질의 싱그러움이 함께 담긴 설거지 비누","정가":31000,"할인율":0, "판매처":""},
        {"제품코드":"PRODUCT_B00019","보관방법":"상온","이미지":"0f6c2be5-0e27-4e86-95c5-b3212a9d9ab8.jpg", "배송구분":"샛별배송", "제조사":"올가담", "제품명":"크림치즈 곶감 말이 (10구)", "제품특성":"추억의 맛 그대로 완성","정가":13000,"할인율":0.211, "판매처":""},
        {"제품코드":"PRODUCT_B00020","보관방법":"냉장","이미지":"0f8ccd6b-431d-472a-b608-ae6556a2bc12.jpg", "배송구분":"샛별배송", "제조사":"올가담", "제품명":"크림치즈 곶감 말이 (10구)", "제품특성":"추억의 맛 그대로 완성","정가":33000,"할인율":0, "판매처":""},
        {"제품코드":"PRODUCT_B00021","보관방법":"냉장","이미지":"1d88ad9d-5aea-4d22-bdd9-9ab660750049.jpg", "배송구분":"샛별배송", "제조사":"올가담", "제품명":"크림치즈 곶감 말이 (10구)", "제품특성":"추억의 맛 그대로 완성","정가":53000,"할인율":0.12, "판매처":"Kurly Only"}
    ],
    "알뜰상품":[
        {"제품코드":"PRODUCT_C00001","보관방법":"냉장","이미지":"0a54f6a4-4f5a-4202-8f6d-045d2a1709de.jpg", "배송구분":"샛별배송", "제조사":"양포어장", "제품명":"독도 활 꽃새우 (4/15 수령)", "제품특성":"곶감과 크림치즈의 산뜻한 합작","정가":73000,"할인율":0, "판매처":""},
        {"제품코드":"PRODUCT_C00002","보관방법":"상온","이미지":"0ac29455-0c2f-466f-9881-b9ed8a7a398f.jpg", "배송구분":"샛별배송", "제조사":"양포어장", "제품명":"독도 활 닭새우 (4/15 수령)", "제품특성":"우동 2인분 2종 (택1)","정가":17000,"할인율":0.12, "판매처":""},
        {"제품코드":"PRODUCT_C00003","보관방법":"상온","이미지":"0d82637a-330e-4446-99af-86246a5dd881.jpg", "배송구분":"샛별배송", "제조사":"올가담", "제품명":"크림치즈 곶감 말이 (10구)", "제품특성":"곶감과 이즈니버터, 팥앙금의 색다른 만남","정가":21000,"할인율":0.19, "판매처":""},
        {"제품코드":"PRODUCT_C00004","보관방법":"상온","이미지":"0ec2bb5a-d89c-4f50-8172-fe404079e306.jpg", "배송구분":"샛별배송", "제조사":"라브아", "제품명":"앙버터 곶감 말이 (10구)", "제품특성":"바질의 싱그러움이 함께 담긴 설거지 비누","정가":31000,"할인율":0, "판매처":""},
        {"제품코드":"PRODUCT_C00005","보관방법":"냉장","이미지":"0f6c2be5-0e27-4e86-95c5-b3212a9d9ab8.jpg", "배송구분":"샛별배송", "제조사":"올가담", "제품명":"크림치즈 곶감 말이 (10구)", "제품특성":"추억의 맛 그대로 완성","정가":13000,"할인율":0.211, "판매처":"Kurly Only"},
        {"제품코드":"PRODUCT_C00006","보관방법":"냉동","이미지":"0f8ccd6b-431d-472a-b608-ae6556a2bc12.jpg", "배송구분":"샛별배송", "제조사":"올가담", "제품명":"크림치즈 곶감 말이 (10구)", "제품특성":"추억의 맛 그대로 완성","정가":33000,"할인율":0, "판매처":""},
        {"제품코드":"PRODUCT_C00007","보관방법":"냉장","이미지":"1d88ad9d-5aea-4d22-bdd9-9ab660750049.jpg", "배송구분":"샛별배송", "제조사":"올가담", "제품명":"크림치즈 곶감 말이 (10구)", "제품특성":"추억의 맛 그대로 완성","정가":53000,"할인율":0.12, "판매처":"Kurly Only"},
        {"제품코드":"PRODUCT_C00008","보관방법":"냉장","이미지":"0a54f6a4-4f5a-4202-8f6d-045d2a1709de.jpg", "배송구분":"샛별배송", "제조사":"양포어장", "제품명":"독도 활 꽃새우 (4/15 수령)", "제품특성":"곶감과 크림치즈의 산뜻한 합작","정가":73000,"할인율":0, "판매처":""},
        {"제품코드":"PRODUCT_C00009","보관방법":"상온","이미지":"0ac29455-0c2f-466f-9881-b9ed8a7a398f.jpg", "배송구분":"샛별배송", "제조사":"양포어장", "제품명":"독도 활 닭새우 (4/15 수령)", "제품특성":"우동 2인분 2종 (택1)","정가":17000,"할인율":0.12, "판매처":""},
        {"제품코드":"PRODUCT_C00010","보관방법":"상온","이미지":"0d82637a-330e-4446-99af-86246a5dd881.jpg", "배송구분":"샛별배송", "제조사":"올가담", "제품명":"크림치즈 곶감 말이 (10구)", "제품특성":"곶감과 이즈니버터, 팥앙금의 색다른 만남","정가":21000,"할인율":0.19, "판매처":"Kurly Only"},
        {"제품코드":"PRODUCT_C00011","보관방법":"상온","이미지":"0ec2bb5a-d89c-4f50-8172-fe404079e306.jpg", "배송구분":"샛별배송", "제조사":"라브아", "제품명":"앙버터 곶감 말이 (10구)", "제품특성":"바질의 싱그러움이 함께 담긴 설거지 비누","정가":31000,"할인율":0, "판매처":""},
        {"제품코드":"PRODUCT_C00012","보관방법":"냉장","이미지":"0f6c2be5-0e27-4e86-95c5-b3212a9d9ab8.jpg", "배송구분":"샛별배송", "제조사":"올가담", "제품명":"크림치즈 곶감 말이 (10구)", "제품특성":"추억의 맛 그대로 완성","정가":13000,"할인율":0.211, "판매처":""},
        {"제품코드":"PRODUCT_C00013","보관방법":"냉동","이미지":"0f8ccd6b-431d-472a-b608-ae6556a2bc12.jpg", "배송구분":"샛별배송", "제조사":"올가담", "제품명":"크림치즈 곶감 말이 (10구)", "제품특성":"추억의 맛 그대로 완성","정가":33000,"할인율":0, "판매처":"Kurly Only"},
        {"제품코드":"PRODUCT_C00014","보관방법":"냉장","이미지":"1d88ad9d-5aea-4d22-bdd9-9ab660750049.jpg", "배송구분":"샛별배송", "제조사":"올가담", "제품명":"크림치즈 곶감 말이 (10구)", "제품특성":"추억의 맛 그대로 완성","정가":53000,"할인율":0.12, "판매처":""},
        {"제품코드":"PRODUCT_C00015","보관방법":"냉장","이미지":"0a54f6a4-4f5a-4202-8f6d-045d2a1709de.jpg", "배송구분":"샛별배송", "제조사":"양포어장", "제품명":"독도 활 꽃새우 (4/15 수령)", "제품특성":"곶감과 크림치즈의 산뜻한 합작","정가":73000,"할인율":0, "판매처":"Kurly Only"},
        {"제품코드":"PRODUCT_C00016","보관방법":"상온","이미지":"0d82637a-330e-4446-99af-86246a5dd881.jpg", "배송구분":"샛별배송", "제조사":"올가담", "제품명":"크림치즈 곶감 말이 (10구)", "제품특성":"곶감과 이즈니버터, 팥앙금의 색다른 만남","정가":21000,"할인율":0.19, "판매처":""},
        {"제품코드":"PRODUCT_C00017","보관방법":"상온","이미지":"0ac29455-0c2f-466f-9881-b9ed8a7a398f.jpg", "배송구분":"샛별배송", "제조사":"양포어장", "제품명":"독도 활 닭새우 (4/15 수령)", "제품특성":"우동 2인분 2종 (택1)","정가":17000,"할인율":0.12, "판매처":""},
        {"제품코드":"PRODUCT_C00018","보관방법":"냉장","이미지":"0f6c2be5-0e27-4e86-95c5-b3212a9d9ab8.jpg", "배송구분":"샛별배송", "제조사":"올가담", "제품명":"크림치즈 곶감 말이 (10구)", "제품특성":"추억의 맛 그대로 완성","정가":13000,"할인율":0.211, "판매처":"Kurly Only"},
        {"제품코드":"PRODUCT_C00019","보관방법":"냉동","이미지":"0f8ccd6b-431d-472a-b608-ae6556a2bc12.jpg", "배송구분":"샛별배송", "제조사":"올가담", "제품명":"크림치즈 곶감 말이 (10구)", "제품특성":"추억의 맛 그대로 완성","정가":33000,"할인율":0, "판매처":""},
        {"제품코드":"PRODUCT_C00020","보관방법":"냉장","이미지":"1d88ad9d-5aea-4d22-bdd9-9ab660750049.jpg", "배송구분":"샛별배송", "제조사":"올가담", "제품명":"크림치즈 곶감 말이 (10구)", "제품특성":"추억의 맛 그대로 완성","정가":53000,"할인율":0.12, "판매처":"Kurly Only"},
        {"제품코드":"PRODUCT_C00021","보관방법":"냉장","이미지":"0a54f6a4-4f5a-4202-8f6d-045d2a1709de.jpg", "배송구분":"샛별배송", "제조사":"양포어장", "제품명":"독도 활 꽃새우 (4/15 수령)", "제품특성":"곶감과 크림치즈의 산뜻한 합작","정가":73000,"할인율":0, "판매처":""},
        {"제품코드":"PRODUCT_C00022","보관방법":"상온","이미지":"0ac29455-0c2f-466f-9881-b9ed8a7a398f.jpg", "배송구분":"샛별배송", "제조사":"양포어장", "제품명":"독도 활 닭새우 (4/15 수령)", "제품특성":"우동 2인분 2종 (택1)","정가":17000,"할인율":0.12, "판매처":""},
        {"제품코드":"PRODUCT_C00023","보관방법":"상온","이미지":"0d82637a-330e-4446-99af-86246a5dd881.jpg", "배송구분":"샛별배송", "제조사":"올가담", "제품명":"크림치즈 곶감 말이 (10구)", "제품특성":"곶감과 이즈니버터, 팥앙금의 색다른 만남","정가":21000,"할인율":0.19, "판매처":"Kurly Only"},
        {"제품코드":"PRODUCT_C00024","보관방법":"상온","이미지":"0ec2bb5a-d89c-4f50-8172-fe404079e306.jpg", "배송구분":"샛별배송", "제조사":"라브아", "제품명":"앙버터 곶감 말이 (10구)", "제품특성":"바질의 싱그러움이 함께 담긴 설거지 비누","정가":31000,"할인율":0, "판매처":""},
        {"제품코드":"PRODUCT_C00025","보관방법":"냉장","이미지":"0f6c2be5-0e27-4e86-95c5-b3212a9d9ab8.jpg", "배송구분":"샛별배송", "제조사":"올가담", "제품명":"크림치즈 곶감 말이 (10구)", "제품특성":"추억의 맛 그대로 완성","정가":13000,"할인율":0.211, "판매처":""},
        {"제품코드":"PRODUCT_C00026","보관방법":"냉동","이미지":"0f8ccd6b-431d-472a-b608-ae6556a2bc12.jpg", "배송구분":"샛별배송", "제조사":"올가담", "제품명":"크림치즈 곶감 말이 (10구)", "제품특성":"추억의 맛 그대로 완성","정가":33000,"할인율":0, "판매처":""},
        {"제품코드":"PRODUCT_C00027","보관방법":"냉장","이미지":"1d88ad9d-5aea-4d22-bdd9-9ab660750049.jpg", "배송구분":"샛별배송", "제조사":"올가담", "제품명":"크림치즈 곶감 말이 (10구)", "제품특성":"추억의 맛 그대로 완성","정가":53000,"할인율":0.12, "판매처":"Kurly Only"}
    ],
    "특가혜택":[
        {"제품코드":"PRODUCT_D00001","보관방법":"상온","이미지":"0b45264d-e9c6-4e00-885d-2f77587393a5.jpg"},
        {"제품코드":"PRODUCT_D00002","보관방법":"상온","이미지":"0ef3c188-fb45-4ec3-b072-e2d6b540e99d.jpg"},
        {"제품코드":"PRODUCT_D00003","보관방법":"냉장","이미지":"0f7890b9-bdb7-45e4-87ca-4ccfde93a5e8.jpg"},
        {"제품코드":"PRODUCT_D00004","보관방법":"상온","이미지":"1c7bc470-f8d1-410d-9d5e-2c17fc2f3b1f.jpg"},
        {"제품코드":"PRODUCT_D00005","보관방법":"냉장","이미지":"02cc37d5-8d29-4fc1-acb1-c13c87bb6129.jpg"},
        {"제품코드":"PRODUCT_D00006","보관방법":"상온","이미지":"2b1db31f-dd1e-45bd-89e9-42c45ca7309f.jpg"},
        {"제품코드":"PRODUCT_D00007","보관방법":"냉장","이미지":"2c11e4f7-9781-4dae-b569-3bf567e54a46.jpg"},
        {"제품코드":"PRODUCT_D00008","보관방법":"냉장","이미지":"2f849082-18d6-487f-b55b-52f59d14159b.jpg"},
        {"제품코드":"PRODUCT_D00009","보관방법":"냉장","이미지":"3db98c93-7dbe-4526-a61d-2caff748c8f6.jpg"},
        {"제품코드":"PRODUCT_D00010","보관방법":"냉장","이미지":"4ed670e7-ec8a-49f9-92fa-c233c73f67af.jpg"},
        {"제품코드":"PRODUCT_D00011","보관방법":"상온","이미지":"5e7b5b50-06a6-4e7f-9244-fa37e52485ff.jpg"},
        {"제품코드":"PRODUCT_D00012","보관방법":"냉동","이미지":"6b80797f-86a7-4463-9488-97bebc86afab.jpg"},
        {"제품코드":"PRODUCT_D00013","보관방법":"냉동","이미지":"6dabbc85-2c8f-415d-8c79-c87cd077f748.jpg"},
        {"제품코드":"PRODUCT_D00014","보관방법":"상온","이미지":"6e54cfae-5b58-43ec-b1f6-184eaa208c28.jpg"},
        {"제품코드":"PRODUCT_D00015","보관방법":"상온","이미지":"7ce123df-5828-4a80-973d-10ed72b0816f.jpg"},
        {"제품코드":"PRODUCT_D00016","보관방법":"냉동","이미지":"8be392e9-1f96-4c66-8422-d6f0b8dd0a50.jpg"},
        {"제품코드":"PRODUCT_D00017","보관방법":"냉장","이미지":"3b195a7a-5341-4036-8d97-d2c46aed4c0a.jpg"},
        {"제품코드":"PRODUCT_D00018","보관방법":"냉동","이미지":"8f9e413e-6a87-4aa5-abe6-81bb8b793788.jpg"},
        {"제품코드":"PRODUCT_D00019","보관방법":"냉동","이미지":"3b195a7a-5341-4036-8d97-d2c46aed4c0a.jpg"},
        {"제품코드":"PRODUCT_D00021","보관방법":"냉장","이미지":"3b195a7a-5341-4036-8d97-d2c46aed4c0a.jpg"},
        {"제품코드":"PRODUCT_D00022","보관방법":"냉장","이미지":"3b195a7a-5341-4036-8d97-d2c46aed4c0a.jpg"},
        {"제품코드":"PRODUCT_D00023","보관방법":"냉장","이미지":"3b195a7a-5341-4036-8d97-d2c46aed4c0a.jpg"},
        {"제품코드":"PRODUCT_D00024","보관방법":"냉장","이미지":"3b195a7a-5341-4036-8d97-d2c46aed4c0a.jpg"},
        {"제품코드":"PRODUCT_D00025","보관방법":"냉장","이미지":"3b195a7a-5341-4036-8d97-d2c46aed4c0a.jpg"},
        {"제품코드":"PRODUCT_D00026","보관방법":"냉장","이미지":"3b195a7a-5341-4036-8d97-d2c46aed4c0a.jpg"},
        {"제품코드":"PRODUCT_D00027","보관방법":"냉장","이미지":"3b195a7a-5341-4036-8d97-d2c46aed4c0a.jpg"},
        {"제품코드":"PRODUCT_D00028","보관방법":"냉장","이미지":"3b195a7a-5341-4036-8d97-d2c46aed4c0a.jpg"}
    ]
}