{
    "상품":[ 
        {"제품코드":"PRODUCT_S700001", "보관방법":"냉동","이미지":"0a54f6a4-4f5a-4202-8f6d-045d2a1709de.jpg", "배송구분":"샛별배송", "제조사":"양포어장", "제품명":"독도 활 꽃새우 (4/15 수령)", "제품특성":"곶감과 크림치즈의 산뜻한 합작","정가":73000,"할인율":0, "판매처":"Kurly Only"},
        {"제품코드":"PRODUCT_S700002", "보관방법":"냉동","이미지":"0ac29455-0c2f-466f-9881-b9ed8a7a398f.jpg", "배송구분":"샛별배송", "제조사":"양포어장", "제품명":"독도 활 닭새우 (4/15 수령)", "제품특성":"우동 2인분 2종 (택1)","정가":17000,"할인율":0.12, "판매처":""},
        {"제품코드":"PRODUCT_S700003", "보관방법":"냉동","이미지":"0d82637a-330e-4446-99af-86246a5dd881.jpg", "배송구분":"샛별배송", "제조사":"올가담", "제품명":"크림치즈 곶감 말이 (10구)", "제품특성":"곶감과 이즈니버터, 팥앙금의 색다른 만남","정가":21000,"할인율":0.19, "판매처":"Kurly Only"},
        {"제품코드":"PRODUCT_S700004", "보관방법":"상온","이미지":"0ec2bb5a-d89c-4f50-8172-fe404079e306.jpg", "배송구분":"샛별배송", "제조사":"라브아", "제품명":"앙버터 곶감 말이 (10구)", "제품특성":"바질의 싱그러움이 함께 담긴 설거지 비누","정가":31000,"할인율":0, "판매처":""},
        {"제품코드":"PRODUCT_S700005", "보관방법":"상온","이미지":"0f6c2be5-0e27-4e86-95c5-b3212a9d9ab8.jpg", "배송구분":"샛별배송", "제조사":"올가담", "제품명":"크림치즈 곶감 말이 (10구)", "제품특성":"추억의 맛 그대로 완성","정가":13000,"할인율":0.211, "판매처":"Kurly Only"},
        {"제품코드":"PRODUCT_S700006", "보관방법":"냉장","이미지":"0f8ccd6b-431d-472a-b608-ae6556a2bc12.jpg", "배송구분":"샛별배송", "제조사":"올가담", "제품명":"크림치즈 곶감 말이 (10구)", "제품특성":"추억의 맛 그대로 완성","정가":33000,"할인율":0, "판매처":"Kurly Only"},
        {"제품코드":"PRODUCT_S700007", "보관방법":"냉장","이미지":"d970431b-fe8f-48b3-92c6-57e47c3c9c7c.jpg", "배송구분":"샛별배송", "제조사":"올가담", "제품명":"크림치즈 곶감 말이 (10구)", "제품특성":"추억의 맛 그대로 완성","정가":53000,"할인율":0.12, "판매처":"Kurly Only"},
        {"제품코드":"PRODUCT_S700008", "보관방법":"냉장","이미지":"dabf22d3-8190-45de-9ec6-a16a15252e8a.jpg", "배송구분":"샛별배송", "제조사":"올가담", "제품명":"크림치즈 곶감 말이 (10구)", "제품특성":"추억의 맛 그대로 완성","정가":53000,"할인율":0.12, "판매처":"Kurly Only"},
        {"제품코드":"PRODUCT_S700009", "보관방법":"상온","이미지":"dda0ce19-c139-434c-b7b2-62d560ca8d94.jpg", "배송구분":"샛별배송", "제조사":"올가담", "제품명":"크림치즈 곶감 말이 (10구)", "제품특성":"추억의 맛 그대로 완성","정가":53000,"할인율":0.12, "판매처":"Kurly Only"},
        {"제품코드":"PRODUCT_S700010","보관방법":"냉장","이미지":"dda0ce19-c139-434c-b7b2-62d560ca8d94.jpg", "배송구분":"샛별배송", "제조사":"올가담", "제품명":"크림치즈 곶감 말이 (10구)", "제품특성":"추억의 맛 그대로 완성","정가":53000,"할인율":0.12, "판매처":"Kurly Only"},
        {"제품코드":"PRODUCT_S700011","보관방법":"냉장","이미지":"e1be85fe-538d-4e2d-9943-6d3e8ff2920f.jpg", "배송구분":"샛별배송", "제조사":"올가담", "제품명":"크림치즈 곶감 말이 (10구)", "제품특성":"추억의 맛 그대로 완성","정가":53000,"할인율":0.12, "판매처":"Kurly Only"},
        {"제품코드":"PRODUCT_S700012","보관방법":"냉동","이미지":"fa030374-6d98-415d-8442-dec3f0251e9b.jpg", "배송구분":"샛별배송", "제조사":"올가담", "제품명":"크림치즈 곶감 말이 (10구)", "제품특성":"추억의 맛 그대로 완성","정가":53000,"할인율":0.12, "판매처":"Kurly Only"},
        {"제품코드":"PRODUCT_S700013","보관방법":"상온","이미지":"3557b63a-b96d-428f-a075-5c2490ee9ad8.jpg", "배송구분":"샛별배송", "제조사":"올가담", "제품명":"크림치즈 곶감 말이 (10구)", "제품특성":"추억의 맛 그대로 완성","정가":53000,"할인율":0.12, "판매처":"Kurly Only"},
        {"제품코드":"PRODUCT_S700014","보관방법":"상온","이미지":"26159af7-fb1b-4a2c-b435-f99fd93074f8.jpg", "배송구분":"샛별배송", "제조사":"올가담", "제품명":"크림치즈 곶감 말이 (10구)", "제품특성":"추억의 맛 그대로 완성","정가":53000,"할인율":0.12, "판매처":"Kurly Only"},
        {"제품코드":"PRODUCT_S700015","보관방법":"상온","이미지":"6114d324-873f-4902-a28f-f3b7efa72fd5.jpg", "배송구분":"샛별배송", "제조사":"올가담", "제품명":"크림치즈 곶감 말이 (10구)", "제품특성":"추억의 맛 그대로 완성","정가":53000,"할인율":0.12, "판매처":"Kurly Only"},
        {"제품코드":"PRODUCT_S700016","보관방법":"냉동","이미지":"395362f8-2773-4764-b7bb-a66d0ed8d08f.jpg", "배송구분":"샛별배송", "제조사":"올가담", "제품명":"크림치즈 곶감 말이 (10구)", "제품특성":"추억의 맛 그대로 완성","정가":53000,"할인율":0.12, "판매처":"Kurly Only"},
        {"제품코드":"PRODUCT_S700017","보관방법":"상온","이미지":"85703f55-89da-4548-acc4-e6c92b910677.jpg", "배송구분":"샛별배송", "제조사":"올가담", "제품명":"크림치즈 곶감 말이 (10구)", "제품특성":"추억의 맛 그대로 완성","정가":53000,"할인율":0.12, "판매처":"Kurly Only"},
        {"제품코드":"PRODUCT_S700018","보관방법":"냉동","이미지":"673bfd1a-f3b4-46d0-8239-e19bbd37edfc.jpg", "배송구분":"샛별배송", "제조사":"올가담", "제품명":"크림치즈 곶감 말이 (10구)", "제품특성":"추억의 맛 그대로 완성","정가":53000,"할인율":0.12, "판매처":"Kurly Only"},
        {"제품코드":"PRODUCT_S700019","보관방법":"상온","이미지":"209ac6eb-3130-4ee0-9d51-f3ad007daa11.jpg", "배송구분":"샛별배송", "제조사":"올가담", "제품명":"크림치즈 곶감 말이 (10구)", "제품특성":"추억의 맛 그대로 완성","정가":53000,"할인율":0.12, "판매처":"Kurly Only"},
        {"제품코드":"PRODUCT_S700020","보관방법":"냉장","이미지":"326b28ed-011d-4bc3-993c-056eb5763d2a.jpg", "배송구분":"샛별배송", "제조사":"올가담", "제품명":"크림치즈 곶감 말이 (10구)", "제품특성":"추억의 맛 그대로 완성","정가":53000,"할인율":0.12, "판매처":"Kurly Only"}
    ]
}