{
    "상품":[
        {"제품코드":"PRODUCT_S300001", "보관방법":"냉장","이미지":"0a54f6a4-4f5a-4202-8f6d-045d2a1709de.jpg", "배송구분":"샛별배송", "제조사":"양포어장", "제품명":"독도 활 꽃새우 (4/15 수령)", "제품특성":"곶감과 크림치즈의 산뜻한 합작","정가":73000,"할인율":0, "판매처":"Kurly Only"},
        {"제품코드":"PRODUCT_S300002", "보관방법":"냉동","이미지":"0ac29455-0c2f-466f-9881-b9ed8a7a398f.jpg", "배송구분":"샛별배송", "제조사":"양포어장", "제품명":"독도 활 닭새우 (4/15 수령)", "제품특성":"우동 2인분 2종 (택1)","정가":17000,"할인율":0.12, "판매처":""},
        {"제품코드":"PRODUCT_S300003", "보관방법":"상온","이미지":"0d82637a-330e-4446-99af-86246a5dd881.jpg", "배송구분":"샛별배송", "제조사":"올가담", "제품명":"크림치즈 곶감 말이 (10구)", "제품특성":"곶감과 이즈니버터, 팥앙금의 색다른 만남","정가":21000,"할인율":0.19, "판매처":"Kurly Only"},
        {"제품코드":"PRODUCT_S300004", "보관방법":"냉장","이미지":"0ec2bb5a-d89c-4f50-8172-fe404079e306.jpg", "배송구분":"샛별배송", "제조사":"라브아", "제품명":"앙버터 곶감 말이 (10구)", "제품특성":"바질의 싱그러움이 함께 담긴 설거지 비누","정가":31000,"할인율":0, "판매처":""},
        {"제품코드":"PRODUCT_S300005", "보관방법":"상온","이미지":"0f6c2be5-0e27-4e86-95c5-b3212a9d9ab8.jpg", "배송구분":"샛별배송", "제조사":"올가담", "제품명":"크림치즈 곶감 말이 (10구)", "제품특성":"추억의 맛 그대로 완성","정가":13000,"할인율":0.211, "판매처":"Kurly Only"},
        {"제품코드":"PRODUCT_S300006", "보관방법":"상온","이미지":"0f8ccd6b-431d-472a-b608-ae6556a2bc12.jpg", "배송구분":"샛별배송", "제조사":"올가담", "제품명":"크림치즈 곶감 말이 (10구)", "제품특성":"추억의 맛 그대로 완성","정가":33000,"할인율":0, "판매처":"Kurly Only"},
        {"제품코드":"PRODUCT_S300007", "보관방법":"냉장","이미지":"673bfd1a-f3b4-46d0-8239-e19bbd37edfc.jpg", "배송구분":"샛별배송", "제조사":"올가담", "제품명":"크림치즈 곶감 말이 (10구)", "제품특성":"추억의 맛 그대로 완성","정가":53000,"할인율":0.12, "판매처":"Kurly Only"},
        {"제품코드":"PRODUCT_S300008", "보관방법":"냉동","이미지":"4ae30afb-531c-4675-8c7d-fd2dea4f39dc.jpg", "배송구분":"샛별배송", "제조사":"올가담", "제품명":"크림치즈 곶감 말이 (10구)", "제품특성":"추억의 맛 그대로 완성","정가":53000,"할인율":0.12, "판매처":"Kurly Only"},
        {"제품코드":"PRODUCT_S300009", "보관방법":"냉장","이미지":"8a1f907d-1e8d-488b-9e34-9bbcbb79570e.jpg", "배송구분":"샛별배송", "제조사":"올가담", "제품명":"크림치즈 곶감 말이 (10구)", "제품특성":"추억의 맛 그대로 완성","정가":53000,"할인율":0.12, "판매처":"Kurly Only"},
        {"제품코드":"PRODUCT_S300010","보관방법":"냉동","이미지":"1a3b0d8a-875b-4acf-92a0-c45c059f00c8.jpg", "배송구분":"샛별배송", "제조사":"올가담", "제품명":"크림치즈 곶감 말이 (10구)", "제품특성":"추억의 맛 그대로 완성","정가":53000,"할인율":0.12, "판매처":"Kurly Only"},
        {"제품코드":"PRODUCT_S300011","보관방법":"냉장","이미지":"395362f8-2773-4764-b7bb-a66d0ed8d08f.jpg", "배송구분":"샛별배송", "제조사":"올가담", "제품명":"크림치즈 곶감 말이 (10구)", "제품특성":"추억의 맛 그대로 완성","정가":53000,"할인율":0.12, "판매처":"Kurly Only"},
        {"제품코드":"PRODUCT_S300012","보관방법":"냉동","이미지":"136e6a0b-8a5a-46a7-acce-cab82d3d8eb0.jpg", "배송구분":"샛별배송", "제조사":"올가담", "제품명":"크림치즈 곶감 말이 (10구)", "제품특성":"추억의 맛 그대로 완성","정가":53000,"할인율":0.12, "판매처":"Kurly Only"},
        {"제품코드":"PRODUCT_S300013","보관방법":"냉장","이미지":"47a08163-8f84-4eea-8e21-7cbbef65cbf2.jpg", "배송구분":"샛별배송", "제조사":"올가담", "제품명":"크림치즈 곶감 말이 (10구)", "제품특성":"추억의 맛 그대로 완성","정가":53000,"할인율":0.12, "판매처":"Kurly Only"},
        {"제품코드":"PRODUCT_S300014","보관방법":"냉동","이미지":"86a3d152-56b4-4d3a-a428-aa6f73e2410c.jpg", "배송구분":"샛별배송", "제조사":"올가담", "제품명":"크림치즈 곶감 말이 (10구)", "제품특성":"추억의 맛 그대로 완성","정가":53000,"할인율":0.12, "판매처":"Kurly Only"},
        {"제품코드":"PRODUCT_S300015","보관방법":"냉장","이미지":"78a39ec6-a0b7-4807-bd77-716a7767b00d.jpg", "배송구분":"샛별배송", "제조사":"올가담", "제품명":"크림치즈 곶감 말이 (10구)", "제품특성":"추억의 맛 그대로 완성","정가":53000,"할인율":0.12, "판매처":"Kurly Only"},
        {"제품코드":"PRODUCT_S300016","보관방법":"냉동","이미지":"72e25765-f97b-476e-b5a4-e840c4eb2fd3.jpg", "배송구분":"샛별배송", "제조사":"올가담", "제품명":"크림치즈 곶감 말이 (10구)", "제품특성":"추억의 맛 그대로 완성","정가":53000,"할인율":0.12, "판매처":"Kurly Only"},
        {"제품코드":"PRODUCT_S300017","보관방법":"냉장","이미지":"3557b63a-b96d-428f-a075-5c2490ee9ad8.jpg", "배송구분":"샛별배송", "제조사":"올가담", "제품명":"크림치즈 곶감 말이 (10구)", "제품특성":"추억의 맛 그대로 완성","정가":53000,"할인율":0.12, "판매처":"Kurly Only"},
        {"제품코드":"PRODUCT_S300018","보관방법":"냉장","이미지":"917a1866-85fa-456c-87a7-25a9ccc0d5d7.jpg", "배송구분":"샛별배송", "제조사":"올가담", "제품명":"크림치즈 곶감 말이 (10구)", "제품특성":"추억의 맛 그대로 완성","정가":53000,"할인율":0.12, "판매처":"Kurly Only"},
        {"제품코드":"PRODUCT_S300019","보관방법":"냉동","이미지":"876f50b5-b454-4304-96f9-55e14c562b93.jpg", "배송구분":"샛별배송", "제조사":"올가담", "제품명":"크림치즈 곶감 말이 (10구)", "제품특성":"추억의 맛 그대로 완성","정가":53000,"할인율":0.12, "판매처":"Kurly Only"},
        {"제품코드":"PRODUCT_S300020","보관방법":"냉장","이미지":"876bc7b7-e109-4cc4-962d-711fd5f60c39.jpg", "배송구분":"샛별배송", "제조사":"올가담", "제품명":"크림치즈 곶감 말이 (10구)", "제품특성":"추억의 맛 그대로 완성","정가":53000,"할인율":0.12, "판매처":"Kurly Only"}
    ]
}