{
    "notice":[    
      {"NO":100,"제목":"[단체 및 기업 구매] 스타벅스 카드 e-Gift 구매 신청 일시 중단 안내","내용":"[단체 및 기업 구매] 스타벅스 카드 e-Gift 구매 신청 일시 중단 안내","날짜":"2015-09-30","조회수":4700},
      {"NO":99,"제목":"2015 9월 추석 연휴 스타벅스 매장 영업시간 변경 안내","내용":"2015 9월 추석 연휴 스타벅스 매장 영업시간 변경 안내","날짜":"2015-09-25","조회수":32080},
      {"NO":98,"제목":"스타벅스커피 코리아 홈페이지 접속 일시 중단 안내","내용":"스타벅스커피 코리아 홈페이지 접속 일시 중단 안내","날짜":"2015-09-21","조회수":4340},
      {"NO":97,"제목":"홈페이지 이용약관 개정 안내","내용":"홈페이지 이용약관 개정 안내","날짜":"2015-09-11","조회수":1800},
      {"NO":96,"제목":"홈페이지 개인정보취급방침 개정 안내","내용":"홈페이지 개인정보취급방침 개정 안내","날짜":"2015-08-27","조회수":3288},
      {"NO":95,"제목":"스타벅스 카드 e-Gift 발송내역 보관 기간 축소 안내","내용":"스타벅스 카드 e-Gift 발송내역 보관 기간 축소 안내","날짜":"2015-08-17","조회수":5995},
      {"NO":94,"제목":"홈페이지 휴면 계정 관련 이용약관 변경 안내","내용":"홈페이지 휴면 계정 관련 이용약관 변경 안내","날짜":"2015-08-11","조회수":8529},
      {"NO":93,"제목":"스타벅스 리뉴얼 홈페이지 최적 브라우져 안내","내용":"스타벅스 리뉴얼 홈페이지 최적 브라우져 안내","날짜":"2015-08-11","조회수":21647},
      {"NO":92,"제목":"스타벅스커피 코리아 홈페이지 접속 일시 중단 안내","내용":"스타벅스커피 코리아 홈페이지 접속 일시 중단 안내","날짜":"2015-08-10","조회수":6107},
      {"NO":91,"제목":"홈페이지 휴면 계정 회원정보 정리 안내","내용":"홈페이지 휴면 계정 회원정보 정리 안내","날짜":"2015-07-24","조회수":11580},
      {"NO":90,"제목":"마이 스타벅스 리워드 웹/모바일, 앱 서비스 접속 일시 중단 안내","내용":"마이 스타벅스 리워드 웹/모바일, 앱 서비스 접속 일시 중단 안내","날짜":"2015-07-22","조회수":5630},
      {"NO":89,"제목":"홈페이지 이용약관 및 개인정보취급방침 개정 안내","내용":"마이 스타벅스 리워드 웹/모바일, 앱 서비스 접속 일시 중단 안내","날짜":"2015-06-29","조회수":2898},
      {"NO":88,"제목":"홈페이지 개인정보취급방침 개정 안내","내용":"홈페이지 개인정보취급방침 개정 안내","날짜":"2015-04-22","조회수":1806},
      {"NO":87,"제목":"스타벅스 카드 어플리케이션 7.0.0 버전 업데이트 안내","내용":"스타벅스 카드 어플리케이션 7.0.0 버전 업데이트 안내","날짜":"2015-04-20","조회수":8992},
      {"NO":86,"제목":"웹 & 모바일 사이트, 앱 서비스 접속 일시 중단 안내","내용":"웹 & 모바일 사이트, 앱 서비스 접속 일시 중단 안내","날짜":"2015-04-16","조회수":2544},
      {"NO":85,"제목":"홈페이지 이용약관 및 개인정보취급방침 개정 안내","내용":"홈페이지 이용약관 및 개인정보취급방침 개정 안내","날짜":"2015-03-25","조회수":2140},
      {"NO":84,"제목":"웹 & 모바일 사이트, 앱 서비스 접속 일시 중단 안내","내용":"웹 & 모바일 사이트, 앱 서비스 접속 일시 중단 안내","날짜":"2015-03-02","조회수":5393},
      {"NO":83,"제목":"홈페이지 개인정보취급방침 변경 안내","내용":"","날짜":"2015-02-17","조회수":2184},
      {"NO":82,"제목":"모바일 상품권 결제 취소 시 환불 방법 변경 안내","내용":"","날짜":"2015-01-20","조회수":14139},
      {"NO":81,"제목":"올레 멤버십 제휴 서비스 변경 안내","내용":"","날짜":"2015-01-05","조회수":45135},
      {"NO":80,"제목":"마이 스타벅스 리워드 골드 카드 신청 일시 중지 안내","내용":"","날짜":"2015-01-02","조회수":36153},
      {"NO":79,"제목":"증정용 플래너 수량이 얼마 남지 않았습니다.","내용":"","날짜":"2015-01-02","조회수":19967},
      {"NO":78,"제목":"혹시 스타벅스 메일이 보이지 않으세요?","내용":"","날짜":"2014-12-17","조회수":6255},
      {"NO":77,"제목":"홈페이지 개인정보취급방침 변경 안내","내용":"","날짜":"2014-12-01","조회수":2734},
      {"NO":76,"제목":"웹 & 모바일 사이트, 앱 서비스 접속 일시 중단 안내","내용":"","날짜":"2014-10-21","조회수":4689},
      {"NO":75,"제목":"신세계 포인트 적립 가능 안내 (2014년 8월 13일 부터)","내용":"","날짜":"2014-08-11","조회수":25826},
      {"NO":74,"제목":"웹 & 모바일 사이트, 앱 서비스 접속 일시 중단 안내","내용":"","날짜":"2014-07-23","조회수":4202},
      {"NO":73,"제목":"스타벅스 음료 가격 인상 안내","내용":"","날짜":"2014-07-14","조회수":40499},
      {"NO":72,"제목":"스타벅스커피 코리아 홈페이지(웹/모바일) 서비스 접속 일시 중단 안내","내용":"","날짜":"2014-06-09","조회수":7891},
      {"NO":71,"제목":"2014 6월 연휴 스타벅스 매장 영업시간 변경 안내","내용":"","날짜":"2014-06-03","조회수":13564},
      {"NO":70,"제목":"스타벅스 카드 약관 변경 안내","내용":"","날짜":"2014-06-02","조회수":8009},
      {"NO":69,"제목":"홈페이지 개인정보취급방침 변경 안내","내용":"","날짜":"2014-05-16","조회수":2444},
      {"NO":68,"제목":"마이 스타벅스 리워드 온라인 서비스 일시 중단안내","내용":"","날짜":"2014-04-17","조회수":7357},
      {"NO":67,"제목":"마이 스타벅스 리워드 온라인 서비스 일시 중단안내","내용":"","날짜":"2014-04-15","조회수":5875},
      {"NO":66,"제목":"스타벅스커피 코리아 홈페이지(웹/모바일), 앱 서비스 접속 일시 중단 안내","내용":"","날짜":"2014-04-14","조회수":5218},
      {"NO":65,"제목":"스타벅스 카드 환불 약관 변경 안내","내용":"","날짜":"2014-04-10","조회수":12102},
      {"NO":64,"제목":"홈페이지 개인정보취급방침 및 이용약관 변경 안내","날짜":"2014-04-09","조회수":2698},
      {"NO":63,"제목":"스타벅스커피 코리아 홈페이지(웹/모바일) 서비스 접속 일시 중단 안내","내용":"","날짜":"2014-03-31","조회수":5273},
      {"NO":62,"제목":"스타벅스커피 코리아 홈페이지(웹/모바일) 서비스 접속 일시 중단 안내","내용":"","날짜":"2014-03-17","조회수":6797},
      {"NO":61,"제목":"[채용] 2014년 1분기 장애인 바리스타 채용","내용":"","날짜":"2014-02-04","조회수":7649},
      {"NO":60,"제목":"[채용] 2014 스타벅스 매장관리 대졸 신입채용","내용":"","날짜":"2014-01-29","조회수":47557},
      {"NO":59,"제목":"스타벅스커피 코리아 홈페이지(웹/모바일) 서비스 접속 일시 중단 안내","내용":"","날짜":"2014-01-21","조회수":5872},
      {"NO":58,"제목":"2013 크리스마스 및 연말연시 스타벅스 매장 영업시간 변경 안내","내용":"","날짜":"2013-12-24","조회수":44096},
      {"NO":57,"제목":"피싱 문자 메시지 주의","내용":"","날짜":"2013-11-26","조회수":7698},
      {"NO":56,"제목":"스타벅스 카드 약관 변경 안내","내용":"","날짜":"2013-10-25","조회수":21390},
      {"NO":55,"제목":"스타벅스 홈페이지 개인정보 관리 안내","내용":"","날짜":"2013-10-25","조회수":5515},
      {"NO":54,"제목":"[채용] 4분기 장애인 바리스타 채용 안내","내용":"","날짜":"2013-10-15","조회수":10246},
      {"NO":53,"제목":"추석 연휴기간 스타벅스 매장 영업시간 안내 (9월 18일~9월 22일)","내용":"","날짜":"2013-09-09","조회수":84610},
      {"NO":52,"제목":"'스타벅스, 바다를 만나다' 사진 공모전 당선작 발표","내용":"","날짜":"2013-09-05","조회수":13654},
      {"NO":51,"제목":"[채용] 스타벅스 3분기 장애인 바리스타 채용","내용":"","날짜":"2013-08-26","조회수":6939},
      {"NO":50,"제목":"[채용] 지원센터 인사노무 담당자 모집","내용":"","날짜":"2013-08-19","조회수":13159},
      {"NO":49,"제목":"웹 & 모바일 사이트 서비스 접속 일시 중단 안내","날짜":"2013-08-13","조회수":2934},
      {"NO":48,"제목":"[채용] 스타벅스 매장경력직(지방) 채용","내용":"","날짜":"2013-08-08","조회수":24873},
      {"NO":47,"제목":"[채용] 스타벅스 지원센터 경력직 채용","내용":"","날짜":"2013-08-08","조회수":17906},
      {"NO":46,"제목":"스타벅스 고객센터 및 수도권 매장 전화 연결 점검 안내","내용":"","날짜":"2013-08-07","조회수":11662},
      {"NO":45,"제목":"웹 & 모바일 사이트 서비스 접속 일시 중단 안내","내용":"","날짜":"2013-07-15","조회수":2374},
      {"NO":44,"제목":"스타벅스 청년 리더십 기금 지원 <초록을 만드는 청년학교> 안내","내용":"","날짜":"2013-07-02","조회수":4014},
      {"NO":43,"제목":"웹 & 모바일 사이트, 앱 서비스 접속 일시 중단 안내","내용":"","날짜":"2013-06-12","조회수":5127},
      {"NO":42,"제목":"웹 & 모바일 사이트 내 케익 예약 서비스 접속 일시 중단 정정 안내","내용":"","날짜":"2013-06-10","조회수":2577},
      {"NO":41,"제목":"스타벅스 청년 리더십 기금 지원 <청년 리더십 캠프> 안내","내용":"","날짜":"2013-06-03","조회수":3914},
      {"NO":40,"제목":"마이 스타벅스 리워드 일시 접속 중단 안내","내용":"","날짜":"2013-05-27","조회수":9320},
      {"NO":39,"제목":"[채용] 2분기 장애인 바리스타 채용 _ 5월","내용":"","날짜":"2013-05-14","조회수":7241},
      {"NO":38,"제목":"[채용] 스타벅스 장애인 인사관리 부문 채용","내용":"","날짜":"2013-05-09","조회수":12747},
      {"NO":37,"제목":"[채용] 스타벅스 매장별 Barista 채용 _ 5월","내용":"","날짜":"2013-05-06","조회수":12670},
      {"NO":36,"제목":"[채용] 속초, 강릉 매장 바리스타 모집","내용":"","날짜":"2013-05-01","조회수":5207},
      {"NO":35,"제목":"마이 스타벅스 리워드 접속 일시 중단 안내","내용":"","날짜":"2013-04-18","조회수":17810},
      {"NO":34,"제목":"PC 웹페이지, 모바일 웹페이지, 앱 서비스 접속 일시중단 안내","날짜":"2013-04-15","조회수":4543},
      {"NO":33,"제목":"스타벅스카드 이용약관 변경 안내","내용":"","날짜":"2013-04-12","조회수":15078},
      {"NO":32,"제목":"마이 스타벅스 리워드 일시 접속 중단 안내","내용":"","날짜":"2013-04-08","조회수":4310},
      {"NO":31,"제목":"일본산 그린 티 파우더 사용 안내","내용":"","날짜":"2013-04-04","조회수":13021},
      {"NO":30,"제목":"[채용] 경주지역 바리스타 모집","내용":"","날짜":"2013-04-03","조회수":4055},
      {"NO":29,"제목":"[채용] 스타벅스 매장별 Barista 모집 _ 4월","내용":"","날짜":"2013-04-02","조회수":10892},
      {"NO":28,"제목":"스타벅스커피 코리아 홈페이지 접속 일시 중단 안내","내용":"","날짜":"2013-03-25","조회수":5968},
      {"NO":27,"제목":"안드로이드 스타벅스카드 앱 오류 안내","내용":"","날짜":"2013-03-20","조회수":20641},
      {"NO":26,"제목":"마이 스타벅스 리워드 접속 일시 중단 안내","내용":"","날짜":"2013-03-19","조회수":6201},
      {"NO":25,"제목":"스타벅스 코리아 홈페이지 회원가입 접속 일시 중단 안내","내용":"","날짜":"2013-02-15","조회수":4702},
      {"NO":24,"제목":"설 연휴기간 스타벅스 매장 영업시간 안내 (2월 9일~2월11일)","내용":"","날짜":"2013-02-05","조회수":30922},
      {"NO":23,"제목":"크리스마스 및 연말연시 스타벅스 매장 영업시간 변경 안내","날짜":"2012-12-20","조회수":52683},
      {"NO":22,"제목":"마이 스타벅스 리워드 접속 일시중단 안내","내용":"","날짜":"2012-12-03","조회수":4781},
      {"NO":21,"제목":"마이 스타벅스 리워드 접속 일시중단 안내","내용":"","날짜":"2012-10-31","조회수":5929},
      {"NO":20,"제목":"[채용] 스타벅스 경주보문로점 매장 Barista 채용","내용":"","날짜":"2012-10-04","조회수":5587},
      {"NO":19,"제목":"스타벅스 트렌드 모니터 STA 3기 모집","내용":"","날짜":"2012-08-30","조회수":16229},
      {"NO":18,"제목":"마이 스타벅스 리워드 접속 일시중단 안내","내용":"","날짜":"2012-08-30","조회수":4612},
      {"NO":17,"제목":"[마이스타벅스리워드] 골드카드 배송 및 수령방법 변경 안내","날짜":"2012-08-20","조회수":14361},
      {"NO":16,"제목":"스타벅스 카드 환불 약관 변경 안내","내용":"","날짜":"2012-08-02","조회수":19985},
      {"NO":15,"제목":"'일회용 컵 없는 매장' 캠페인 1주년, 여러분의 소중한 의견을 함께 나누어주세요.","내용":"","날짜":"2012-01-17","조회수":4652},
      {"NO":14,"제목":"마이 스타벅스 리워드 웹/모바일 페이지 접속 일시중단 안내","내용":"","날짜":"2011-12-28","조회수":4792},
      {"NO":13,"제목":"개인정보취급방침 수정 공지","내용":"","날짜":"2011-12-15","조회수":2759},
      {"NO":12,"제목":"웹/모바일 페이지 접속 일시중단 안내","내용":"","날짜":"2011-12-05","조회수":1985},
      {"NO":11,"제목":"웹/모바일 페이지 접속 일시중단 안내","내용":"","날짜":"2011-11-28","조회수":2381},
      {"NO":10,"제목":"VIA 레시피 공모전 당선작 발표","내용":"","날짜":"2011-10-24","조회수":6828},
      {"NO":9,"제목":"VIA UCC 공모전 수상자 발표","내용":"","날짜":"2011-10-20","조회수":2680},
      {"NO":8,"제목":"웹/모바일 페이지 접속 일시중단 안내","내용":"","날짜":"2011-10-11","조회수":1792},
      {"NO":7,"제목":"마이 스타벅스 리워드 런칭 기념 이벤트 결과 공지","내용":"","날짜":"2011-09-30","조회수":4105},
      {"NO":6,"제목":"마이 스타벅스 리워드 런칭 기념 이벤트 종료 공지","내용":"","날짜":"2011-09-28","조회수":2935},
      {"NO":5,"제목":"웹/모바일 페이지 접속 일시중단 안내","내용":"","날짜":"2011-09-09","조회수":2524},
      {"NO":4,"제목":"스타벅스 매장, 추석 영업시간 공지입니다. (9월10일 ~ 13일)","날짜":"2011-09-08","조회수":14245},
      {"NO":3,"제목":"웹페이지 접속 일시중단 안내","내용":"","날짜":"2011-08-26","조회수":1169},
      {"NO":2,"제목":"웹/모바일 페이지 접속 일시중단 안내","내용":"","날짜":"2011-06-22","조회수":2078},
      {"NO":1,"제목":"스타벅스 트렌드 모니터 STA(Starbucks Trend Advisor) 모집","내용":"","날짜":"2011-05-06","조회수":5102}
    ]
}